Ambira,"[donovan8, hgram007, ntsegai2, oconnorr, sluong05, timmh7]"
CrossWars,"[akpettis, dmaddo, fpazaran, gcarls4, jacqub3, jhuynh18]"
GitStory,"[adgarg12, dchiem, imlimasi, sliu1229, vinamra1]"
GoBuddy,"[aaryaj, jinkehan, luam, rayxr, sjn0305, tingyu01]"
Homi,"[conthi, eelmi2, husabdi, ptang6, zsabry]"
MatchStudy,"[john35, mas954, mmahamed, vishksat, yasirab]"
MealQuest,"[alew4, chiemily, jpark132, rpham03, wadswbri, yanam5]"
ShelterLink,"[amarto, azitab, cbither, elijoshi, spenj]"
Spotify Showdown,"[admcrae, avanunes, lillinn, shelb2, zcrouse]"
TicketSpy,"[hsu01, lmswar, nbphucc, xllegion, xuannhu, xz265]"
Wearabouts,"[ashastry, emilysl, leeaj23, lparab, ninaucht, priyam3]"
WebAmp,"[cyw12, ecjohn80, jc011605, longvu, zzzahara]"
